/* LLenar Tablas */

/* Datos de la tabla: Usuario */
INSERT INTO Usuario
VALUES(1000000000, 'Juan Salazar', 'juan.salazar@pipiolo.com', 'Spaguetti10*', 20, 'Colombia', 'Cliente');
INSERT INTO Usuario
VALUES(2000000157, 'Atreus Santorum', 'atreus.santorum@pipiolo.com', 'PolloFrito21<', 40, 'Colombia', 'Cliente');
INSERT INTO Usuario
VALUES(1000000150, 'Aquiles Castro', 'aquiles.castro@pipiolo.com', 'Lasagna32>', 18, 'Colombia', 'Cliente');
INSERT INTO Usuario
VALUES(1000000300, 'Alan Brito', 'alan.brito@pipiolo.com', 'TomateVerde43!', 35, 'Argentina', 'Distribuidor');
INSERT INTO Usuario
VALUES(1000000575, 'Pepe Mojica', 'pepe.mojica@pipiolo.com', 'Zanahoria54#', 27, 'Colombia', 'Cliente');
INSERT INTO Usuario
VALUES(1000500000, 'Esteban Cardona', 'esteban.cardona@pipiolo.com', 'PolloRojo65$', 58, 'Colombia', 'Cliente');
INSERT INTO Usuario
VALUES(1000003456, 'Luis Sneyder', 'luis.sneyder@pipiolo.com', 'PrestoBurger76%', 23, 'Estados Unidos', 'Distribuidor');
INSERT INTO Usuario
VALUES(1020000489, 'Jose Suarez', 'jose.suarez@pipiolo.com', 'PizzaLoca87&', 31, 'Colombia', 'Cliente');
INSERT INTO Usuario
VALUES(1000000001, 'Nicolle Smith', 'nicolle.smith@pipiolo.com', 'ChaquetaMex98/', 42, 'Colombia', 'Cliente');
INSERT INTO Usuario
VALUES(1005000201, 'Andres Perez', 'andres.perez@pipiolo.com', 'Tramajo09(', 19, 'Kenia', 'Distribuidor');

/* Datos de la tabla: Tarjeta */
INSERT INTO Tarjeta 
VALUES(2000000000000000, 'Juan Salazar',  34982746098302, '08-04-2022', 335, 2 );
COMMIT;
INSERT INTO Tarjeta 
VALUES(2000000000000001, 'Atreus Santorum',  4094824174921347, '02-09-2021', 763, 4 );
COMMIT;
INSERT INTO Tarjeta 
VALUES(2000000000000002, 'Aquiles Castro',  34982746098350, '01-04-2020', 221, 1 );
COMMIT;
INSERT INTO Tarjeta 
VALUES(2000000000000003, 'Alan Brito',  2208651186673094, '03-06-2021', 541, 1 );
COMMIT;
INSERT INTO Tarjeta 
VALUES(2000000000000004, 'Pepe Mojica',  1029384756473829, '23-02-2021', 981, 1 );
COMMIT;
INSERT INTO Tarjeta 
VALUES(2000000000000005, 'Esteban Cardona',  3680965223116490, '14-08-2021', 671, 2 );
COMMIT;
INSERT INTO Tarjeta 
VALUES(2000000000000006, 'Luis Sneyder',  0836288631203725, '12-01-2021', 338, 5 );
COMMIT;
INSERT INTO Tarjeta 
VALUES(2000000000000007, 'Jose Suarez',  1234567890654378, '09-03-2021', 072, 2 );
COMMIT;
INSERT INTO Tarjeta 
VALUES(2000000000000008, 'Nicolle Smith',  9673488729736491, '28-04-2021', 112, 3 );
COMMIT;
INSERT INTO Tarjeta 
VALUES(2000000000000009, 'Andres Perez',  8896567784122346, '03-05-2021', 947, 1 );
COMMIT;

/* Datos de la tabla: Transacciones */
INSERT INTO Transacciones
VALUES(3100000000, 890008, 009749, '15-10-2021', 25000);
INSERT INTO Transacciones
VALUES(3100000001, 908090, 009879, '01-02-2021', 30000);
INSERT INTO Transacciones
VALUES(3100000002, 389874, 009978, '06-02-2022', 40000);
INSERT INTO Transacciones
VALUES(3100000003, 097363, 009784, '03-02-2022', 35000);
INSERT INTO Transacciones
VALUES(3100000004, 389875, 009578, '09-01-2022', 60000);
INSERT INTO Transacciones
VALUES(3100000005, 097756, 009667, '24-02-2022', 120000);
INSERT INTO Transacciones
VALUES(3100000006, 597203, 009789, '09-01-2022', 15000);
INSERT INTO Transacciones
VALUES(3100000007, 097660, 009715, '07-12-2021', 80000);
INSERT INTO Transacciones
VALUES(3100000008, 192774, 009790, '18-02-2022', 12000);
INSERT INTO Transacciones
VALUES(3100000009, 095568, 009902, '26-12-2021', 67000);

/* Datos de la tabla: Aplicacion */
INSERT INTO Aplicacion
VALUES(51000000000000000000, 220000000000000000000000003421);
COMMIT;
INSERT INTO Aplicacion
VALUES(51000000000000000001, 220000000000000000000000004903);
COMMIT;
INSERT INTO Aplicacion
VALUES(51000000000000000002, 220000000000000000000000005474);
COMMIT;
INSERT INTO Aplicacion
VALUES(51000000000000000003, 220000000000000000000000006734);
COMMIT;
INSERT INTO Aplicacion
VALUES(51000000000000000004, 220000000000000000000000007784);
COMMIT;
INSERT INTO Aplicacion
VALUES(51000000000000000005, 220000000000000000000000002190);
COMMIT;
INSERT INTO Aplicacion
VALUES(51000000000000000006, 220000000000000000000000008876);
COMMIT;
INSERT INTO Aplicacion
VALUES(51000000000000000007, 220000000000000000000000001121);
COMMIT;
INSERT INTO Aplicacion
VALUES(51000000000000000008, 220000000000000000000000001092);
COMMIT;
INSERT INTO Aplicacion
VALUES(51000000000000000009, 220000000000000000000000007045);
COMMIT;

/* Datos de la tabla: MetodosPago */
INSERT INTO MetodosPago
VALUES(3100000000, 2000000000000000, 51000000000000000000);
COMMIT;
INSERT INTO MetodosPago
VALUES(3100000001, 2000000000000001, 51000000000000000001);
COMMIT;
INSERT INTO MetodosPago
VALUES(3100000002, 2000000000000002, 51000000000000000002);
COMMIT;
INSERT INTO MetodosPago
VALUES(3100000003, 2000000000000003, 51000000000000000003);
COMMIT;
INSERT INTO MetodosPago
VALUES(3100000004, 2000000000000004, 51000000000000000004);
COMMIT;
INSERT INTO MetodosPago
VALUES(3100000005, 2000000000000005, 51000000000000000005);
COMMIT;
INSERT INTO MetodosPago
VALUES(3100000006, 2000000000000006, 51000000000000000006);
COMMIT;
INSERT INTO MetodosPago
VALUES(3100000007, 2000000000000007, 51000000000000000007);
COMMIT;
INSERT INTO MetodosPago
VALUES(3100000008, 2000000000000008, 51000000000000000008);
COMMIT;
INSERT INTO MetodosPago
VALUES(3100000009, 2000000000000009, 51000000000000000009);
COMMIT;

/* Datos de la tabla: Producto */
INSERT INTO Producto VALUES (1, 'Valorant', 'Shooter', 'Shooter multijugador 5v5 basado en personajes de Riot Games', 120000, 16 );
INSERT INTO Producto VALUES (002, 'Warzone', 'Shooter','Permite el combate multijugador online entre 150 jugadores', 80000, 18);
INSERT INTO Producto VALUES (003, 'Battlefront 1', 'Shooter','Es un videojuego donde se narran las películas de Star Wars', 15000, 13);
INSERT INTO Producto VALUES (004, 'Battlefront 2','Shooter','Es un videojuego de disparos en tercera y primera persona.', 25000, 13);
INSERT INTO Producto VALUES (005, 'Halo Infinite','Shooter','El juego es secuela de la historia de Halo 5 y Halo Wars 2',35000, 16);
INSERT INTO Producto VALUES (006, 'Counter Strike', 'Shooter', 'Es un videojuego de disparos en primera persona multijugador', 40000, 18 );
INSERT INTO Producto VALUES (007, '7 days to die', 'Terror','Es un videojuego de acción en primera y tercera persona.', 30000, 13);
INSERT INTO Producto VALUES (008, 'Terraria','Aventura','Es un videojuego de mundo abierto en 2D.', 60000, 12);
INSERT INTO Producto VALUES (009, 'Minecraft', 'Sandbox','Es un videojuego de construcción de tipo mundo abierto', 67000, 10);
INSERT INTO Producto VALUES (010, 'League of Legends', 'Multijugador','Es un videojuego de arena de batalla en línea.', 12000, 13);

/* Datos de la tabla: Ofrece */
INSERT INTO Ofrece VALUES (001, 12, 16, 5);
INSERT INTO Ofrece VALUES (002, 18, 18, 8);
INSERT INTO Ofrece VALUES (003, 35, 13, 100);
INSERT INTO Ofrece VALUES (004, 46, 13, 25);
INSERT INTO Ofrece VALUES (005, 53, 16, 48);
INSERT INTO Ofrece VALUES (006, 27, 18, 1000);
INSERT INTO Ofrece VALUES (007, 8, 13, 30000);
INSERT INTO Ofrece VALUES (008, 10, 12, 80);
INSERT INTO Ofrece VALUES (009, 15, 10, 68);
INSERT INTO Ofrece VALUES (010, 23, 13, 56);

/* Datos de la tabla: Favoritos */
INSERT INTO Favoritos VALUES(1000000000,001);
INSERT INTO Favoritos VALUES(2000000157,002);
INSERT INTO Favoritos VALUES(1000000150,004);
INSERT INTO Favoritos VALUES(1000000300,003);
INSERT INTO Favoritos VALUES(1000000575,005);
INSERT INTO Favoritos VALUES(1000500000,006);
INSERT INTO Favoritos VALUES(1000003456,007);
INSERT INTO Favoritos VALUES(1020000489,001);
INSERT INTO Favoritos VALUES(1000000001,003);
INSERT INTO Favoritos VALUES(1005000201,010);

/* Datos de la tabla: Biblioteca */
INSERT INTO Biblioteca VALUES(1000000000,003);
INSERT INTO Biblioteca VALUES(2000000157,006);
INSERT INTO Biblioteca VALUES(1000000150,008);
INSERT INTO Biblioteca VALUES(1000000300,009);
INSERT INTO Biblioteca VALUES(1000000575,010);
INSERT INTO Biblioteca VALUES(1000500000,006);
INSERT INTO Biblioteca VALUES(1000003456,008);
INSERT INTO Biblioteca VALUES(1020000489,005);
INSERT INTO Biblioteca VALUES(1000000001,004);
INSERT INTO Biblioteca VALUES(1005000201,002);

/* Datos de la tabla: ofrecenDistribuidor */
INSERT INTO ofrecenDistribuidor VALUES(1000000300,003);
INSERT INTO ofrecenDistribuidor VALUES(1000003456,006);
INSERT INTO ofrecenDistribuidor VALUES(1005000201,009);

/* Datos de la tabla: Consume */
INSERT INTO CONSUME VALUES (1000000000, 1,3100000000);
INSERT INTO CONSUME VALUES (2000000157, 2,3100000001);
INSERT INTO CONSUME VALUES (1000000150, 3,3100000002);
INSERT INTO CONSUME VALUES (1000000001, 8,3100000003);
INSERT INTO CONSUME VALUES (1000000575, 5,3100000005);
INSERT INTO CONSUME VALUES (1000500000, 7,3100000006); 
INSERT INTO CONSUME VALUES (1020000489, 4,3100000007);
